id;name;description;image_link;image;image_content_type
1;Table;projection Versatile;Integration;../fake-data/blob/hipster.png;image/png
2;bypassing SCSI applications;e-commerce;Fresh;../fake-data/blob/hipster.png;image/png
3;transmitting XML orchestrate;Nevada enterprise Belarussian Ruble;fuchsia;../fake-data/blob/hipster.png;image/png
4;Soap Chad Regional;architectures red;Dominica;../fake-data/blob/hipster.png;image/png
5;Program Identity;fresh-thinking Designer;array;../fake-data/blob/hipster.png;image/png
6;Chicken violet;Home Loan Account deposit;HDD;../fake-data/blob/hipster.png;image/png
7;pink Investor;compress;Fantastic;../fake-data/blob/hipster.png;image/png
8;Future Specialist bypass;California;Thailand Product;../fake-data/blob/hipster.png;image/png
9;Home Loan Account revolutionize Tonga;withdrawal fresh-thinking;Open-source Avon invoice;../fake-data/blob/hipster.png;image/png
10;United States of America invoice;Sleek Steel Sausages;azure;../fake-data/blob/hipster.png;image/png
